repository_file,sha256
data/expansion/RL/RL_expansion_2020-2050.xlsx,38f5ab657a7cda82a82860f4c09b552b563f58f77f3b93f6299c3a99d7bdfb09
data/expansion/RL/RL_expansion_gd—0604-V2.xlsx,1a25e60140a79d0587f2898fbc883fd8953f5f472fbf656498c215be51b7fc5d
data/expansion/RL/RL_expansion_gd—0604.xlsx,017e4a40c2b8fc039000358d8ae43d75c3634ecb7fa2944b220e1de27ef9320d
data/expansion/RL/GD/expansion-RL_2020.xlsx,d3f89e3d2993d23abef0abb64d8418c47f5d209bf7a2559f81f3b874e571c700
data/expansion/RL/GD/expansion-RL_2025.xlsx,dbf637e91fc40a36de25af78101c74e337d9cdf0e8a94ce0488531d9e0d95a8a
data/expansion/RL/GD/expansion-RL_2030.xlsx,8e3472328a09bfff10290aae732efc47ec4e48e311e32a12c2c60fa8e18ebfa1
data/expansion/RL/GD/expansion-RL_2035.xlsx,ddca3623d24b42ce919dc4047663c092a12c3150aaeb6a6ef76b2b097ea76f47
data/expansion/RL/GD/expansion-RL_2040.xlsx,6b0f1945bd43be15644c2536ab64be6c7701fe706d9769933cc45fd6005a1db2
data/expansion/RL/GD/expansion-RL_2045.xlsx,940e426466f72dac278e53f604ef837f53af116ba6d94bace3f6763ca1dd7947
data/expansion/RL/GD/expansion-RL_2050.xlsx,5680ccfad7fe9098cf2b046d3c87b09f7d3d38e54fd80cd5da02a3dd1ef57b41
data/expansion/RL/GX/expansion-RL_2020.xlsx,5f158f42e2ee7e29072f44b0e6004ed618db6a56d191b1df77663cc8cdffa753
data/expansion/RL/GX/expansion-RL_2025.xlsx,bde529cdec7b57a32e78a50aa92231688a7a819c4e999010ffcf13e3535d20d1
data/expansion/RL/GX/expansion-RL_2030.xlsx,4c7595792925e56eab693a8e1f6f8e1f29d106f106669d59f0595718b25ca607
data/expansion/RL/GX/expansion-RL_2035.xlsx,d6e7fd12dec539efa1c15696aa8ecb45b86361429a98ed21fcb25b3a2253e1c5
data/expansion/RL/GX/expansion-RL_2040.xlsx,f5a4715d951e4092f5528a58cbb9a8ad855d4aee1117eeed5ef928ff2822ef62
data/expansion/RL/GX/expansion-RL_2045.xlsx,e8abdc39eaed5683ce23b19cc4067da0caf7b935f2298dab17f485ab243867b8
data/expansion/RL/GX/expansion-RL_2050.xlsx,4741d7ca1eeea68d0d59a1d6e4b17d186ca905b0f1155089986ecd3af9d608db
data/expansion/RL/GZ/expansion-RL_2020.xlsx,1cf80affb0227830813dba6179d545eaf3fd277cb156ac4b702d683adfac2eaf
data/expansion/RL/GZ/expansion-RL_2025.xlsx,9a46b9e649bd9393234f5bdff0469b73d4ad2fd2167ae21b67e47bb3d27f6fdd
data/expansion/RL/GZ/expansion-RL_2030.xlsx,3703a7cded745b38f12b2108682258bb49f874e24f128bf2de674417fda26c96
data/expansion/RL/GZ/expansion-RL_2035.xlsx,85913ef315ac77a643498993f316baf08503193ab7f2294db46e669345231ba8
data/expansion/RL/GZ/expansion-RL_2040.xlsx,d863ecd27c1d5a9dfb0be4cfcc2ed25bd91527be4ef80e2a6df8f3b38f758a76
data/expansion/RL/GZ/expansion-RL_2045.xlsx,9414ab36b26e99dd08447c6acdd52804a6b53d04254f78c84e4a835426bb05e1
data/expansion/RL/GZ/expansion-RL_2050.xlsx,8a4bc9b3614ec39faacd6e0134c1b8aac15308dda1d964a6c401ac5cad58e06f
data/expansion/RL/HN/expansion-RL_2020.xlsx,963f77bcd1bd50e0a758935336a00f3aae1e7f7e7f7de606db4bc30289283041
data/expansion/RL/HN/expansion-RL_2025.xlsx,41c7caf0bb5426e81441a5a0d19f0269c53fd96dabae7bf1513dd81faa02227b
data/expansion/RL/HN/expansion-RL_2030.xlsx,c0895bae60aebec555346006a2d74430cc9ea33283b820cd0655b30bcda3ea64
data/expansion/RL/HN/expansion-RL_2035.xlsx,c5d99a1996e9329193157822fdbc07fecabad42abbc35ece0be84e13170e833c
data/expansion/RL/HN/expansion-RL_2040.xlsx,aa9a74c250537862bd292d36dff3b569b8ffa8e19c4bbd82fa0889da4684c2b1
data/expansion/RL/HN/expansion-RL_2045.xlsx,21e53bb67d935f851a64b56bfe218d92179a9f2aef8f82d692c6a28ddb4cb429
data/expansion/RL/HN/expansion-RL_2050.xlsx,6996ac6eed48643939e4cd1f1c4aec1ff0b70a232bb9b44424f260d11125794a
data/expansion/RL/YN/expansion-RL_2020.xlsx,b733de82248d0ae16cb9b67e2f9a34b9bd027ea8d53dfab98b887324b42e09f0
data/expansion/RL/YN/expansion-RL_2025.xlsx,ef99b7e03c5a04001ba07c844df1299c4a72d67b96dd5a8f90b6c2680c0967f8
data/expansion/RL/YN/expansion-RL_2030.xlsx,f01e23d5fe1810d5b5c7a1f6bf5d24d7f0c1a2e6b9046873037f36a8bd69586d
data/expansion/RL/YN/expansion-RL_2035.xlsx,1bb3e903ec79ff5f685fc0d1a88cd0128f5a4b10006ad3e3d57359e114def4f5
data/expansion/RL/YN/expansion-RL_2040.xlsx,64b314fd4331cbffbf168feaf9c368751edba221d0b4f0e8e6c57b220d7c1061
data/expansion/RL/YN/expansion-RL_2045.xlsx,504f14d986131fb8a1721f0e790d0b1eb5b4adcbafdd1f56b0e184479ba35aaf
data/expansion/RL/YN/expansion-RL_2050.xlsx,89ca6ebdf928fcb0bf3ce71c26c12a955c91dbc54a56499f425d6020ca0e8a6f
data/expansion/RL/YN2/expansion-RL_2020.xlsx,52d4703935b01d925796d53219f0812db6cfa9169625d9e5ba127691f1c95ae0
data/expansion/RL/YN2/expansion-RL_2025.xlsx,fdb78782f5c619cebf8d19e9ad1a98d1a58940e766e68a91f28ac6252df0c758
data/expansion/RL/YN2/expansion-RL_2030.xlsx,9c2c4c572b36c04da8b50a5889413f2737a8df9788ba02b7c71e0cefb2c199c3
data/expansion/RL/YN2/expansion-RL_2035.xlsx,6b63ae568c617c4eff093ab42cf826d0e846c3e4e23ac6f62c89e6115af91b6b
data/expansion/RL/YN2/expansion-RL_2040.xlsx,22aeef028f2401bf468bd9c6aaeca8edf98f9a03e1b5297520f37437a8eeb096
data/expansion/RL/YN2/expansion-RL_2045.xlsx,cb5e5ad114cca6769c516115b7596ed0238913962339ae6e8044d739955ebd60
data/expansion/RL/YN2/expansion-RL_2050.xlsx,f7e5ce29075a048d1d782822cb1d298daddb3a364ab81c8290d82c8b25c8fd7a
data/expansion/RL/YN3/expansion-RL_2020.xlsx,c1a8f2d4c8e0d05ee2d5418031137eacd5cc743a5f469a34062d0b03af494e57
data/expansion/RL/YN3/expansion-RL_2025.xlsx,ce0995a535bb5eb654cba61a47fc1be4d37810088fc93bae724e97c6cabbda76
data/expansion/RL/YN3/expansion-RL_2030.xlsx,ad5fe07da40c663907b511928e229421683706b8192e92691105e5ae226d32fd
data/expansion/RL/YN3/expansion-RL_2035.xlsx,2c89a10135ae01294543976a9a329fd1037025f03885779d76977aaca9a83bad
data/expansion/RL/YN3/expansion-RL_2040.xlsx,3b037227fa8220694fd0e1cf6d60609489569f8b55ec981d312ed143177dfda7
data/expansion/RL/YN3/expansion-RL_2045.xlsx,88ff21ef05a44d095f66fda6251ba25170174dae9a3c517ea38cf6e948acea02
data/expansion/RL/YN3/expansion-RL_2050.xlsx,50c7eb5c9b03ae18fb46a8e2b3f5aab763ca1c6d38a370ca85c0135c83c41cf4
data/expansion/RL/GX/V1/expansion-RL_2020.xlsx,b0151615566b878313a16e18a4bd736de5bcddbd88474fcd28f081ea4055244b
data/expansion/RL/GX/V1/expansion-RL_2025.xlsx,516813fd004a44737e78f5042630c2342ba65f7a5168e28ef10cc81340262a90
data/expansion/RL/GX/V1/expansion-RL_2030.xlsx,0c644b13ff6c2c64bf0db99b457d9069c3e856e15dbec5cb668890db09b070a1
data/expansion/RL/GX/V1/expansion-RL_2035.xlsx,a2524a94e58c1cda96c707baf0bd8845113fd92d1b64e625399d19e507845d92
data/expansion/RL/GX/V1/expansion-RL_2040.xlsx,44abdacf24697436ec3714fd1c61332e8fed6d95cd9528bbad2f51e9d3bd6883
data/expansion/RL/GX/V1/expansion-RL_2045.xlsx,c8fd08b90aaad29b94ba0e09c33e23ccb8694709b0e7ba9e21b059abd94dcf16
data/expansion/RL/GX/V1/expansion-RL_2050.xlsx,d566539c96bfe5e9c7299a56b54d9c3f423612d31455332d139cd9c2c485f6a6
data/expansion/RL/GZ/V1/expansion-RL_2020.xlsx,81c5bbd238c883f39f728d6b7f81dd58ff7927c8c1365b1c0f587b71bb9f2af4
data/expansion/RL/GZ/V1/expansion-RL_2025.xlsx,78b76bd82fa35f5e670eb911da356b1d28dda969d6b1ef67f4012629c7577730
data/expansion/RL/GZ/V1/expansion-RL_2030.xlsx,1c5bcda77ea828b483e29f79ba2b7df302ef28a97d80030fee29659e7e8f4d78
data/expansion/RL/GZ/V1/expansion-RL_2035.xlsx,da601ff759d4f924674a9edf0ed97f470b0dd37aa75983f10434d81e7a8b39a3
data/expansion/RL/GZ/V1/expansion-RL_2040.xlsx,3f7d7bc096782c25c216e3b9ab02d6e58f675d2e4741dd8fddcceb86c3529932
data/expansion/RL/GZ/V1/expansion-RL_2045.xlsx,cd076d1e571020ba31cd4be8b7c89081a18494cf4d780b9ee5da75fc7b09c8f2
data/expansion/RL/GZ/V1/expansion-RL_2050.xlsx,a9646c6080159dce4d4996e212526fcdd3a3f8d9b2f229e9ecf24000e1482002
data/expansion/RL/YN/V1/expansion-RL_2020.xlsx,1e1ee447fca0639c7beb28a91376557d4b3c2812561c5e3fce1c8e4d54e39bd7
data/expansion/RL/YN/V1/expansion-RL_2025.xlsx,dc8603701193bae147fa0e2f47a80bd04a34548d7a1c089e2774cd90daf94b33
data/expansion/RL/YN/V1/expansion-RL_2030.xlsx,b4723122e9cec30eb919baf1e5c42ed6e887ecc34d82e9b0e973fae25035f4a2
data/expansion/RL/YN/V1/expansion-RL_2035.xlsx,c6fbe625129feb13f06d6ff89977e2d5990f310f28d6a134cb17d8a0c87d329c
data/expansion/RL/YN/V1/expansion-RL_2040.xlsx,7ee64513eff066559e7e3f8cf28b505e0914b692180d5ba5bdd20471fe36f577
data/expansion/RL/YN/V1/expansion-RL_2045.xlsx,1ee508d52d705028196ef499b0e3345d4ba5655c85a046d42eb8d8fc2dfb720a
data/expansion/RL/YN/V1/expansion-RL_2050.xlsx,2ff95c37a898dabc430ead2924cc67d6430bc2715694ea113c1123d91cb70630
data/expansion/RL/YN/V2/expansion-RL_2020.xlsx,b733de82248d0ae16cb9b67e2f9a34b9bd027ea8d53dfab98b887324b42e09f0
data/expansion/RL/YN/V2/expansion-RL_2025.xlsx,ef99b7e03c5a04001ba07c844df1299c4a72d67b96dd5a8f90b6c2680c0967f8
data/expansion/RL/YN/V2/expansion-RL_2030.xlsx,f01e23d5fe1810d5b5c7a1f6bf5d24d7f0c1a2e6b9046873037f36a8bd69586d
data/expansion/RL/YN/V2/expansion-RL_2035.xlsx,1bb3e903ec79ff5f685fc0d1a88cd0128f5a4b10006ad3e3d57359e114def4f5
data/expansion/RL/YN/V2/expansion-RL_2040.xlsx,64b314fd4331cbffbf168feaf9c368751edba221d0b4f0e8e6c57b220d7c1061
data/expansion/RL/YN/V2/expansion-RL_2045.xlsx,504f14d986131fb8a1721f0e790d0b1eb5b4adcbafdd1f56b0e184479ba35aaf
data/expansion/RL/YN/V2/expansion-RL_2050.xlsx,89ca6ebdf928fcb0bf3ce71c26c12a955c91dbc54a56499f425d6020ca0e8a6f
data/expansion/RL/YN/v3—互补指标图效果不佳/expansion-RL_2020.xlsx,c1a8f2d4c8e0d05ee2d5418031137eacd5cc743a5f469a34062d0b03af494e57
data/expansion/RL/YN/v3—互补指标图效果不佳/expansion-RL_2025.xlsx,ce0995a535bb5eb654cba61a47fc1be4d37810088fc93bae724e97c6cabbda76
data/expansion/RL/YN/v3—互补指标图效果不佳/expansion-RL_2030.xlsx,ad5fe07da40c663907b511928e229421683706b8192e92691105e5ae226d32fd
data/expansion/RL/YN/v3—互补指标图效果不佳/expansion-RL_2035.xlsx,2c89a10135ae01294543976a9a329fd1037025f03885779d76977aaca9a83bad
data/expansion/RL/YN/v3—互补指标图效果不佳/expansion-RL_2040.xlsx,3b037227fa8220694fd0e1cf6d60609489569f8b55ec981d312ed143177dfda7
data/expansion/RL/YN/v3—互补指标图效果不佳/expansion-RL_2045.xlsx,88ff21ef05a44d095f66fda6251ba25170174dae9a3c517ea38cf6e948acea02
data/expansion/RL/YN/v3—互补指标图效果不佳/expansion-RL_2050.xlsx,50c7eb5c9b03ae18fb46a8e2b3f5aab763ca1c6d38a370ca85c0135c83c41cf4
data/expansion/Greedy/GD/expansion-greedy_500gw.xlsx,847ae9f59e28554434f3e602de953486deb866b8be5530e81beea167e9b11bbd
data/expansion/Greedy/GX/expansion-greedy_120gw.xlsx,36175c500316453e70ca6b795bfcfd4e5f2b09c23c97d9168c1e6cc33e26c1c9
data/expansion/Greedy/GZ/expansion-greedy_80gw.xlsx,5bf654a844202cbabdc681a93bf71eb5eacfebcca24340146eb74b6d2cc1c8af
data/expansion/Greedy/HN/expansion-greedy_25gw.xlsx,b67abafea5e6efc3fdced09ed29d06c95052edce5384e25d8a1efc5924ecae99
data/expansion/Greedy/HN/expansion-greedy_30gw.xlsx,da3fec3b6d1fe4f2e4f7cffcef735db939e159492eb160a97c5248cb1ee06151
data/expansion/Greedy/YN/expansion-greedy_115gw.xlsx,ff35109bbf599c5559a70a8a46524bad1cd1280fb432bfdc1d74e2ddf79387fc
data/expansion/Greedy/GD/history/CF.xlsx,fa8441a57f82f15a6ca6e7e507267b8c02fd307602c33a707abb944d952ad2d8
data/expansion/Greedy/GD/history/df.xlsx,c2c637f74b2edc4eeb930e584a022ec0dcfdd7919bc8b90df10299a037e1adb7
data/expansion/Greedy/GD/history/expansion_greedy_2020.xlsx,234b63684697c5907f3b8315cde221c5379cd23db299243eef3e88f05ebcf0d3
data/expansion/Greedy/GD/history/expansion_greedy_2025.xlsx,28582672bb809cd2237d82bfafb69ba71fd49911e74421e14d77714262ffb6e7
data/expansion/Greedy/GD/history/expansion_greedy_2030.xlsx,3c10b489fae22ee63226e7ddcb6cdc6612e809e0c7262390210c9bbb57162777
data/expansion/Greedy/GD/history/expansion_greedy_2035.xlsx,344c07fc277c36962135b7906065696562c3b4723ef9975def7fd10c8b9d7972
data/expansion/Greedy/GD/history/expansion_greedy_2040.xlsx,3315b3fb3baec5ee0499ac5b06ef759017abba1f6041e3eb621a6d3da3ed1c2c
data/expansion/Greedy/GD/history/expansion_greedy_2045.xlsx,d16842318e2f61401e388ac9bcd43b50f9917e1551e97bd443130dc76aba36a2
data/expansion/Greedy/GD/history/expansion_greedy_2050.xlsx,cbf842af12d18929c1d93f1eba3d3dca5719d805ab68d9d72c3f0897eeb7f16f
data/expansion/Greedy/GX/history/CF.xlsx,9e63f14e3769383bc7a455924da999305efc40906d22f10e9205148d9b4fc73e
data/expansion/Greedy/GX/history/df.xlsx,c9254d824cd9d7ab11b2f6435291394239c62e3698ce1200c548d7314138ffb1
data/expansion/Greedy/GX/history/expansion_greedy_2020.xlsx,4478e1e8a1ecb00a94747cbbc40921388e1faed1ee824e1d13cbb302428e0d28
data/expansion/Greedy/GX/history/expansion_greedy_2025.xlsx,15b1a01976b9b9a1afdab6791d317e94d02a65b299e191f545b8ae51583da88b
data/expansion/Greedy/GX/history/expansion_greedy_2030.xlsx,87e17090a40a345a55baa834ccfbfd4c95a613ef2f94e9838eb7d6b273f071ce
data/expansion/Greedy/GX/history/expansion_greedy_2035.xlsx,00518b572a2c56403c304d8df1b9eb10e6c1fb1624ecac7036a219a699a2b91a
data/expansion/Greedy/GX/history/expansion_greedy_2040.xlsx,ff9115ce7f0d8ef2d9270fbd2c9047f7b198674350c707424aaca56576375088
data/expansion/Greedy/GX/history/expansion_greedy_2045.xlsx,bbb1f74f832abd832b468f763dbb930019586b68c7b03dcc8d3282e95d8aceac
data/expansion/Greedy/GX/history/expansion_greedy_2050.xlsx,f5cf33217be572d8a95c0c1d5c5e265280f8537bfcd10043f8c7484c75ad10ee
data/expansion/Greedy/GZ/history/CF.xlsx,7c406cf59a6f56073d843d70539bd8390d7377a3e392960b8cd528442c44d19d
data/expansion/Greedy/GZ/history/df.xlsx,a11df5af55f21639bc94966115b59fc448514da7af2b6da4e45f1f2def576bae
data/expansion/Greedy/GZ/history/expansion_greedy_2020.xlsx,30f5446d5503b2ce31bd2081415480636632dcdfc503d42417ec75d49aac96de
data/expansion/Greedy/GZ/history/expansion_greedy_2025.xlsx,64d72d1ca7a4095ff6d69bf0bb4d85a40ce92763fd15b73ca54cd6195214cce0
data/expansion/Greedy/GZ/history/expansion_greedy_2030.xlsx,325fb354282bbb4f2bbfaef0ca4fbcf4c68a0381300c7b85669547c82f8afd42
data/expansion/Greedy/GZ/history/expansion_greedy_2035.xlsx,02eec5c838b1775ce4745bb1c4a20c27c331d0d785cfd1269884d34372714245
data/expansion/Greedy/GZ/history/expansion_greedy_2040.xlsx,36dd5d05b5add54230766c1837ec86232531bf2b0a9b69a17e3543add1ac5dad
data/expansion/Greedy/GZ/history/expansion_greedy_2045.xlsx,6cf0508cdabcbe09910a9d27d16900f77721d30d0b54f49eedfe64222666fcf5
data/expansion/Greedy/GZ/history/expansion_greedy_2050.xlsx,c761ac16791b4870d54b69a1ecab84c9db603fa229f68899ae6968f225f334b2
data/expansion/Greedy/HN/history/CF.xlsx,3c44c9329142f3601ab741571fc02838a2fa40b48ab32041454f414cd8ef2f37
data/expansion/Greedy/HN/history/df.xlsx,910d2ccefed66e8dfeb757c55ce687306f419e25fb47d15f8a8ab084395950c2
data/expansion/Greedy/HN/history/expansion_greedy_2020.xlsx,d35d0c6b6c99686b895740de5b5fd15d94c30b5a214fb73ed9fa2566772f2840
data/expansion/Greedy/HN/history/expansion_greedy_2025.xlsx,72bbb1f7c3468f4e56ba737ea59d4e5a1aedfe41f2cf5671a9903cab25b24b9e
data/expansion/Greedy/HN/history/expansion_greedy_2030.xlsx,deb0f625d7adbff0dbd964b17245ddc1db8658728cf0addf4262f4b20fd3fe9b
data/expansion/Greedy/HN/history/expansion_greedy_2035.xlsx,2812e9cf0c0cc45ccd0ed6ba58e8954bffa4c71d36966a70a56e4f56f8cacf9d
data/expansion/Greedy/HN/history/expansion_greedy_2040.xlsx,66abd0e6c0f3ca5e9482760efe573698e03c27b1c7d417f82016b424ba621310
data/expansion/Greedy/HN/history/expansion_greedy_2045.xlsx,a45569b2c29f7962de39cf205ac6d91c20e4751f9f06013a1521e97583ead214
data/expansion/Greedy/HN/history/expansion_greedy_2050.xlsx,555605d18a4e60b89d426e6b3e26749eface701a7d2cb2fd4de98a582dd78b44
data/expansion/Greedy/YN/history/CF.xlsx,e6c8ccbca2cf9c7a030fc547e30baa0d9ec3dfbd061feb8f93de75c94a0b87ba
data/expansion/Greedy/YN/history/df.xlsx,881ccd9a20f7927d5ea2dfb38425840e9b6eff7caa583ef3db8c3be81935812b
data/expansion/Greedy/YN/history/expansion_greedy_2020.xlsx,d6245f0bbc911696a74374e516d63c564135ad8a26c29db881d059f250ae9863
data/expansion/Greedy/YN/history/expansion_greedy_2025.xlsx,db15453ad3bf5ada5815397ebafc74020578f3ee8f0db2ef41919abbf7981e10
data/expansion/Greedy/YN/history/expansion_greedy_2030.xlsx,b3ee80b9b1c593a614be2bbdfe635ffab185c08d505f50ed8af9631f1b28ba94
data/expansion/Greedy/YN/history/expansion_greedy_2035.xlsx,43e42694658b25d43c6efc43e5f081f6ac8dc1f79770b81a27ddd598fe246e41
data/expansion/Greedy/YN/history/expansion_greedy_2040.xlsx,4420b9914f342749a2abe5030bf1e427fbce569fd793e88b15a396eabb028e08
data/expansion/Greedy/YN/history/expansion_greedy_2045.xlsx,15671987ff1d8077ffc0aa5d95677e8e5d0c7847f1628f64ee5e64e0af9eb020
data/expansion/Greedy/YN/history/expansion_greedy_2050.xlsx,4e7ddd16e1045f889807608034012aedb8352f8614b2354a987047d874140cbd
data/expansion/LCOE/GD/expansion_LCOE_2020.xlsx,f38e957ce0297d942ed44b89700af8275108ecd835aeb0fbf926d5235450c417
data/expansion/LCOE/GD/expansion_LCOE_2025.xlsx,9638cb5709a46487385679e6fdededa9510875c3ab1b5ae5984bd7fb082aab41
data/expansion/LCOE/GD/expansion_LCOE_2030.xlsx,e1c524f79d8dcc88f096ab7fc03dec6fc456fc7aeb6a854f73f825005c22a240
data/expansion/LCOE/GD/expansion_LCOE_2035.xlsx,a451de8c87f4d7b8e4b5cc5fb6d195b2eff5cddc720735020954c7b0ae4e4bfb
data/expansion/LCOE/GD/expansion_LCOE_2040.xlsx,e8ce7bead5496cfb549b7e2b1f18bbc4b64585fa1868343bce69043c05ac3561
data/expansion/LCOE/GD/expansion_LCOE_2045.xlsx,157bbd92544a188ff3319325ce22a45ef99946cfce5eecbd13a2713dabc3b30c
data/expansion/LCOE/GD/expansion_LCOE_2050.xlsx,e9b36885b796011826f016b694b13f2b6814aac5e3165f7402447b95206f9648
data/expansion/LCOE/GX/expansion_LCOE_2020.xlsx,9ba0a1fe5c1545cdd5a4f8b4e3e80d46d58c22d1a232072073acd73f7206dd18
data/expansion/LCOE/GX/expansion_LCOE_2025.xlsx,b9b588b29b938d999bebf62e5ca1c2299764f1b5d1aec11d5ded4ef9ee36413b
data/expansion/LCOE/GX/expansion_LCOE_2030.xlsx,b0ef1c0051eab19798dc3df577a9e7b93db0c3fabf16338b39d4a33c911c6c58
data/expansion/LCOE/GX/expansion_LCOE_2035.xlsx,b50e98573ec156193b9d6a8c00825bf058b19ef3e24fcba085069e592a023799
data/expansion/LCOE/GX/expansion_LCOE_2040.xlsx,c087656cfc46907640792959183c24aa2ffe41ff9be80707cce3cbe2cd9d4419
data/expansion/LCOE/GX/expansion_LCOE_2045.xlsx,7c0fd09457d61d5d90ca7d232e4c6fa320e64de23c2d860ad94bdf99aa4dc896
data/expansion/LCOE/GX/expansion_LCOE_2050.xlsx,274b885c77ea25f1749b2dd4c1474b9373cccb14a63f4185fce0fe71304b07ed
data/expansion/LCOE/GZ/expansion_LCOE_2020.xlsx,7ea28fe79dddbc501e1a8abd10187cd980ecab8c4e994d972b329138a15d4259
data/expansion/LCOE/GZ/expansion_LCOE_2025.xlsx,90bfb6e1745f13cc81976e908985fe9964ea3ce81902c3d3d93d5bf929a32492
data/expansion/LCOE/GZ/expansion_LCOE_2030.xlsx,1c537d486c3ccdaf0d1cbf21b0689448a699df7c8c92149af3c55fc3da72464a
data/expansion/LCOE/GZ/expansion_LCOE_2035.xlsx,d1d3865dcd52cc74645bc9330c28d0d616e2fd95b567c92363c5f705b2dcbafd
data/expansion/LCOE/GZ/expansion_LCOE_2040.xlsx,b232350ba92521e5830c07d0cd25835e086266a7a654d71d02294643ceaba46e
data/expansion/LCOE/GZ/expansion_LCOE_2045.xlsx,7ced3df9ee5ec9f6523bf5baaec78d8a6e07fd94bf8c6b42bf0cb4f25c59a7b7
data/expansion/LCOE/GZ/expansion_LCOE_2050.xlsx,3138eb630bcf8e5ac2a24e7e81b480553fccd425e4bb80882f2e01579438033e
data/expansion/LCOE/HN/expansion_LCOE_2020.xlsx,2b1995c41f81eaf1fee0d8614bf168d4b84bf5d84e2cc7e75a9dd072893277ba
data/expansion/LCOE/HN/expansion_LCOE_2025.xlsx,1ee56159fb571a486ffb77e54298d0c500ff7dcf11f86cb7392cf7f9269aeb6d
data/expansion/LCOE/HN/expansion_LCOE_2030.xlsx,d4d67ce2f12ee5f0d572992c3c77aa34fae9062c747d04d33ba75590dbe2db13
data/expansion/LCOE/HN/expansion_LCOE_2035.xlsx,db1614cb689a2478ce50fe94e6e57cfa1845e200cea02640b6532546cecdfc2d
data/expansion/LCOE/HN/expansion_LCOE_2040.xlsx,4d001da034cf0e8cd6830d641f8a4db338a3ca69b8b4b32354f95a15d8bf4e75
data/expansion/LCOE/HN/expansion_LCOE_2045.xlsx,4da383b1d54cb1e31ad862b695f78aab9f59e5ba046732c3e8afe2156ccbf9f1
data/expansion/LCOE/HN/expansion_LCOE_2050.xlsx,63de1498555957c9360c63b907bb4cba3f9807f8597132035a931d07193262d2
data/expansion/LCOE/YN/expansion_LCOE_2020.xlsx,762284611c82848cf71afc15bfba8d99334e50984d293e8218686d976b66e5c3
data/expansion/LCOE/YN/expansion_LCOE_2025.xlsx,e827d9a3a057e0410b678062bf3c9351ac3ac7defed247861e09430cdfb594fc
data/expansion/LCOE/YN/expansion_LCOE_2030.xlsx,dce57fa2215b21cab7e4a063745978579f44c596284cb2e5ec66d6343cbe784c
data/expansion/LCOE/YN/expansion_LCOE_2035.xlsx,f26c2026b2c760d01044e82fad8a8847f5e9f3c2803ab71127aa0bd31f372826
data/expansion/LCOE/YN/expansion_LCOE_2040.xlsx,913f9c70c1322e64139047b7dceeb8d25a943ea7a3fc70fb69ae90313a101ebb
data/expansion/LCOE/YN/expansion_LCOE_2045.xlsx,2cf901f3984fc871331d3771a931365a9fd38220cc0ad4ea3685cf373721eb64
data/expansion/LCOE/YN/expansion_LCOE_2050.xlsx,8937003d8bc5974cb73bd8775affd8b306ebda2012449b5cd0f413e236aad884
data/全国分级火电分布.csv,3088ec56c2c9744b60862de40ddbc1a952e6caa00edf75fc02c341125ffa696f
data/energy_story_2020.xlsx,01db7256161b56feda8535bdc07a7722905bd937a925e6084b931438f2401520
data/exist_trasmission.csv,0dd39b6177d607bd7a14b2aee432f0d1c0dd83137d365bfaf19231869ae81820
data/retirement_capacity_bins.xlsx,69e37e028e21b119f7586c01dfb4462f7c21c75efabf01de2e63f12d0ab28354
data/city-center-0816.xls,2d2ae1c9fb795f303573f7ebe87a2866851c0ff718b5d25daf1259722f06e4ed
data/RL_STATE_2020.xlsx,3310da8171885da22c4ad6ba0e009010124fb0669596f0e390667556d33adbb7
data/Generate_installed_2020.csv,06588a44d8832dbdb0f3a56fb3492169921d7941ed4388896259440f37fee9cb
data/Hydro-cf.csv,84a4e342f2d369a75310b094af88c1c0ef1cb9dd11c881cdd62c351c5c9a7af2
data/hydro_factor.xlsx,49af6ca574703cba3d4c7fdf7123d65349fef6f058a492e2628bb88944e2bc76
data/nuclear_factor.xlsx,64e31bb2796b2397d5d392d4a246b587be4b0dd0089e51feb29f690b857096ce
data/Generate_installed_2050.csv,e31512cf848dec3988cb1a1adb603dee35cb2b4cb1cf6abdcc5c49b2538af05e
data/负载归一24/上海市/工作日.xlsx,4d4bf2c135a156071e250f65526fcb5497336d52eccc4b56a881c77c726d541d
data/负载归一24/上海市/节假日.xlsx,f97ba7451ca5201da587199db84f546f8b47fa8d5c18b12192f56e72566f5b79
data/负载归一24/云南省/工作日.xlsx,a5ccb8fcddaf6c9f8a9cb985105dd161fa1aca532baa32c4900360b09d7d4bf9
data/负载归一24/云南省/节假日.xlsx,3bb5b9c73e72a65858317a87e79e82ee423149d007e8d3bbf555caca6bf66107
data/负载归一24/内蒙古自治区/工作日.xlsx,d79d93dca70801d22bbd1517d6275a5a9c7fbb770e88ffaae6b11380b3bbf460
data/负载归一24/内蒙古自治区/节假日.xlsx,6e93c3f2f4d238422b3257d3ad6cdabc2eee92a1ae308b4a6dc78a6f60d33fa7
data/负载归一24/北京市/工作日.xlsx,cbb0fd98c5b1be7d4868c8f3167d2588149d7172b05f688329ec5afee5ba0688
data/负载归一24/北京市/节假日.xlsx,fb52604f89c39152fce292f06f168ede30ce6369343aaebfea3ef03ac69697d9
data/负载归一24/吉林省/工作日.xlsx,f6f0e416789c10b84519149531efebed90c980d2129b14d8a28fb22648572410
data/负载归一24/吉林省/节假日.xlsx,f790e421b7c0b8bd3a024cc5e4fbbe022aabaf62a46cfe067a958fc6ca0f38db
data/负载归一24/四川省/工作日.xlsx,99d2f51a475ae818548549302ef9203619e3cecaafad3a4e34da6582e03bb35c
data/负载归一24/四川省/节假日.xlsx,1e5f64442ca6877dcfdcbf7f07127d3b81c90a062f2b0c434140ad5728c9813f
data/负载归一24/天津市/工作日.xlsx,0b257e92215c01cb56d2c66b1141577e041364bf07ec61c7d2148839e2e830fa
data/负载归一24/天津市/节假日.xlsx,c2b7861c00c9a35f4ce3c1da33b5a486a7b7213ea6baa65547a42982704e12ff
data/负载归一24/宁夏回族自治区/工作日.xlsx,76a34e18096f2f06ec99a6176bae2fac06f0d411e195e535a6facd48caf80f15
data/负载归一24/宁夏回族自治区/节假日.xlsx,2514c0dbe51e8c455cef3bc85d73922d7230183f425e9f2e9a3f0c527be2f75c
data/负载归一24/安徽省/工作日.xlsx,47072e969f8399cbbd7dd41332a214db8688214c73341767cc527dca6b2d3bfc
data/负载归一24/安徽省/节假日.xlsx,81eae3e5f638019c4f7dcdb18cae169f8bbcb9ac629ee641591e66bf8ac0bde4
data/负载归一24/山东省/工作日.xlsx,9bf15604feb50db5ac9f8bc4d3c11431c855ae64823fe8f0a8ab87c2e342444f
data/负载归一24/山东省/节假日.xlsx,548fe4d4113d29c4c6e3b03fccd709de17788a2298189464cd17d8cc23e66b74
data/负载归一24/山西省/工作日.xlsx,e18decd925064ab0c8e2982747be68c0a7bacda70e81423cb5dc4b4c1b3cf13e
data/负载归一24/山西省/节假日.xlsx,de9d60cb34d9a0dc028cc811b33953afc8e59ed8afc276b57ed0b545dbfae1ca
data/负载归一24/广东省/工作日.xlsx,49f241f21df63522af781fd4078614b64e4cef70e29327afbd8d839d1c39d234
data/负载归一24/广东省/节假日.xlsx,4255f6755a16c02b7f34a1f64745a5b24c8ba3c86c71e7c8a1b7d1b3abad0f6f
data/负载归一24/广西壮族自治区/工作日.xlsx,4061b8206c4f2edff69a2bb405896f5299bb1e05955c0482db6faec52d6befe8
data/负载归一24/广西壮族自治区/节假日.xlsx,83054c9586ebf4844d13c9cf9d8ecb17b36c052af4a15db6112ef6036083b034
data/负载归一24/新疆维吾尔自治区/工作日.xlsx,1376e3fd1d004d408a8d796d70b226a3130af4a1a6bd8e67a7432afb95c2f4f9
data/负载归一24/新疆维吾尔自治区/节假日.xlsx,02655395564d114b7f8142135bc6b3602c4e8e3f1a2a31b68834b275a2824f8b
data/负载归一24/江苏省/工作日.xlsx,394fc8e1a7c7ad9a82e8db7b3f146c0d42919411b5181e0470f5c569af344053
data/负载归一24/江苏省/节假日.xlsx,8bd261062f8c48b2c5997af22873723af66940826cb3afacad58fa39fbea9428
data/负载归一24/江西省/工作日.xlsx,29c2677e3466ed6e4194efae3f8a14d42d24a4c17eeb7f66c1e81fa55cdd8177
data/负载归一24/江西省/节假日.xlsx,5ae9985b58a0fd96367236b75e8c57fe84d6a8b15b82ea7a213cb183995b6eed
data/负载归一24/河北省/工作日.xlsx,0a68911e37a4d6b5537c554cf232abb7d238541e51bc5483ebf705ca969c8047
data/负载归一24/河北省/节假日.xlsx,becaf1ca7d5709fb5920d92502dd244e4cc7597c289f91ec2dbe1e4b6082f64e
data/负载归一24/河南省/工作日.xlsx,bc632481e83ae35b73a98297c1a76eef5a3fe1e5f3d1568cd30e64efb0d044a2
data/负载归一24/河南省/节假日.xlsx,e78281c58b3f617b82470effc4d2e2a05cf8dc10236de72418cb27801a7eb105
data/负载归一24/浙江省/工作日.xlsx,20282d842d7dbd5c72653b55fe7a46287aea362fac27aac9a30f67b38564a0a8
data/负载归一24/浙江省/节假日.xlsx,2d52ec99fb088f339494ae153da13844f3ccde71aa168bd44048aff6e47b40f8
data/负载归一24/海南省/工作日.xlsx,0aff726e2baa4e65978667c92b86e450317633b358b928529e367fde1acff299
data/负载归一24/海南省/节假日.xlsx,4586b8b0017cb6d0949fd557b627c5dc8653e44c37a94ec9d51e44f09837c5f1
data/负载归一24/湖北省/工作日.xlsx,a5cbc68cf00ed3e92f760a41d5c9a3c9e663a7575944e3432171274ce158ab1b
data/负载归一24/湖北省/节假日.xlsx,b07eb88e2dd6251a9b9b2e3741127bd51553ed53866b31c660f0f7fe923262e2
data/负载归一24/湖南省/工作日.xlsx,0f8578e7aa6aa972625134569a2d40c9cf92708303468cec8db7f36bb930de68
data/负载归一24/湖南省/节假日.xlsx,a5021bc8972296f0d2a8f90bb21647407d49b955c5d53c0889a88bfdec954ef6
data/负载归一24/甘肃省/工作日.xlsx,3c66e0f9ba994b02611d24cb674271bed956a5421cb973d4e880e677fd584455
data/负载归一24/甘肃省/节假日.xlsx,3c5dd786253b3fa2aaf36fbc108500bdacfcfe75e642df21ae7f88b0eaecb784
data/负载归一24/福建省/工作日.xlsx,4824b5b6d3e0bb458a520fcf4ea1b3e22005505e023760c26e7c7d986c36c638
data/负载归一24/福建省/节假日.xlsx,f4d9338ccac3aec64e850e2b2cd892366ea835ed06452642455cdeb70a094e60
data/负载归一24/西藏自治区/工作日.xlsx,242d9b8dde7e05d9c211cd53727290f08f3eaa46b99b0926bde5435707222381
data/负载归一24/西藏自治区/节假日.xlsx,8531b89b3d9e2d58976e6bc023a4972be26405d3af15f8230f7c391c8d4df24e
data/负载归一24/贵州省/工作日.xlsx,afefad5139bf2d516c50f7e8c6de0257db30519fce705f48ffe6cb1938efe14a
data/负载归一24/贵州省/节假日.xlsx,6de832e617662aceac9bea1f985a1c3a0c99d99f4f4a24ea2b09a98cfac88868
data/负载归一24/辽宁省/工作日.xlsx,079ee224e943662564fbf52321df0ac9cf8036a0fc4d2569e51963d43e508fdc
data/负载归一24/辽宁省/节假日.xlsx,f6e29ba96af00e012783a7da1b3e0c8c6cbef7357b42a02defeae0bd3761ff14
data/负载归一24/重庆市/工作日.xlsx,3149c38f0dfa8fe7ed65bd6558a1f661ba11bafc24bb941b70b23b2654a2ff7c
data/负载归一24/重庆市/节假日.xlsx,afea389a76610e247aec75e98f3ddacf74fb3e54670a62665893d7c398213545
data/负载归一24/陕西省/工作日.xlsx,79b6231ae816f5a710f01265020dd4ef2917f7701300ff176a9cf906c2c0c6f9
data/负载归一24/陕西省/节假日.xlsx,50999bea231dd74c255ce1467d946ea27ba07a7a8ec52d174648f4b9fede5569
data/负载归一24/青海省/工作日.xlsx,5859cd35d39af9c3a9b58cc85a0c17c96a892b3d015e58e652de41754c58ef9d
data/负载归一24/青海省/节假日.xlsx,1d74fd899ae185dbbb02eb3c8ebb12dc1d56a3cefb2dc154132b7db8df658c96
data/负载归一24/黑龙江省/工作日.xlsx,a352a07ae2405714bb4d431a3ee78def09f14840ce47364541b4fea2b3bd0503
data/负载归一24/黑龙江省/节假日.xlsx,b1c6a62aa92660ec7fee35b1835c2171b633e522f21752d9c8fa94263e1f5d3a
Grid/city_network-0816,1cedc1a1f1d2e454779d1f4ba141331efd8aeedb7e53ae93a3e89b5eda451ea8
Grid/city_network.pkl,1cedc1a1f1d2e454779d1f4ba141331efd8aeedb7e53ae93a3e89b5eda451ea8
