Province,Province_num,region_num,region,Nuclear(GW),Hydropower(GW),CHP(GW),Thermal_Coal(GW),Gas(GW)
北京市,11,1,HB,0,0.98,17,0,9.96
天津市,12,1,HB,0,0.01,15,12.344,3.33
河北省,13,1,HB,0,1.82,26,48.564,0.8
山西省,14,1,HB,0,2.44,11,74.222,0
内蒙古自治区,15,1,HB,0,2.42,20,115.312,0.3
辽宁省,21,2,DB,4.475,2.95,34,32.885,0
吉林省,22,2,DB,0,3.8,18,16.061,0
黑龙江省,23,2,DB,0,1.03,25,19.421,0
上海市,31,3,HD,0,0,0,15.5,6.03
江苏省,32,3,HD,5.49,2.65,0,77.489,23.301
浙江省,33,3,HD,9.086,11.6,0,43.3878,4.3
安徽省,34,3,HD,0,3.1,0,53.775,0
福建省,35,3,HD,9.862,13.07,0,27.881,3.91
江西省,36,3,HD,0,6.15,0,25.739,0
山东省,37,3,HD,2.506,1.08,33,97.909,0
河南省,41,4,HZ,0,3.99,12,66.4,3.06
湖北省,42,4,HZ,0,36.71,0,34.933,0
湖南省,43,4,HZ,0,15.7,0,24.565,0
广东省,44,5,HN,16.136,14.86,0,61.7292,23
广西壮族自治区,45,5,HN,2.172,16.69,0,23.425,0
海南省,46,5,HN,1.3,1.14,0,3.06,2.4
重庆市,50,6,XN,0,7.36,0,14.654,0.94
四川省,51,6,XN,0,77.14,0,13.155,0.7
贵州省,52,6,XN,0,21.19,0,34.32,1.28
云南省,53,6,XN,0,62.81,0,11.2,3.97
西藏自治区,54,6,XN,0,1.58,0,0,0.43
陕西省,61,7,XB,0,3.26,10,51.83,0
甘肃省,62,7,XB,0,8.68,9,23.63,0
青海省,63,7,XB,0,11.91,3,3.16,0.3
宁夏回族自治区,64,7,XB,0,0.43,4,30.92,0
新疆维吾尔自治区,65,7,XB,0,7.02,11,69.18,0
