省,Capacity_coal,Coal_morethan600,Coal_300to600,Coal_lessthan300,GAS,CHP,Coal_morethan600_winter,Coal_300to600_winter,Coal_lessthan300_winter,Gas_winter,region,region_num,Provence_n
北京市,0,0,0,0,9960,13000,0,0,0,0,HB,1,11
天津市,12344,4000,7284,1060,3330,15000,0,0,0,674,HB,1,12
河北省,48564,8520,37410,2634,800,26000,0,19930,2634,800,HB,1,13
山西省,74222,19142,48240,6840,0,11000,8142,48240,6840,0,HB,1,14
内蒙古自治区,115312,37640,62060,15612,300,20000,17640,62060,15612,300,HB,1,15
辽宁省,32885,5080,23000,4805,0,34000,0,0,0,0,DB,2,21
吉林省,16061,3980,7380,4701,0,18000,0,0,0,0,DB,2,22
黑龙江省,19421,0,14430,4991,0,25000,0,0,0,0,DB,2,23
上海市,15500,8420,6580,500,6030,0,8420,6580,500,6030,HD,3,31
江苏省,77489,50670,22080,4739,23301,0,50670,22080,4739,23301,HD,3,32
浙江省,43387.8,21635,19340,2412.8,4300,0,21635,19340,2412.8,4300,HD,3,33
安徽省,53775,38950,13660,1165,0,0,38950,13660,1165,0,HD,3,34
福建省,27881,11300,15286,1295,3910,0,11300,15286,1295,3910,HD,3,35
江西省,25739,20744,4290,705,0,0,20744,4290,705,0,HD,3,36
山东省,97909,32660,50015,15234,0,33000,0,50015,15234,0,HD,3,37
河南省,66400,33200,28970,4230,3060,12000,21200,28970,4230,3060,HZ,4,41
湖北省,34933,21060,12120,1753,0,0,21060,12120,1753,0,HZ,4,42
湖南省,24565,14510,9895,160,0,0,14510,9895,160,0,HZ,4,43
广东省,61729.2,29298.2,28370,4061,23000,0,29298.2,28370,4061,23000,HN,5,44
广西壮族自治区,23425,12660,8630,2135,0.1,0,12660,8630,2135,0,HN,5,45
海南省,3060,0,2760,300,2400,0,0,2760,300,2400,HN,5,46
重庆市,14654,5960,7650,1044,940,0,5960,7650,1044,940,XN,6,50
四川省,13155,2000,10890,265,700,0,2000,10890,265,700,XN,6,51
贵州省,34320,9980,22500,1840,1280,0,9980,22500,1840,1280,XN,6,52
云南省,11200,0,10800,400,3970,0,0,10800,400,3970,XN,6,53
西藏自治区,0,0,0,0,430,0,0,0,0,430,XN,6,54
陕西省,51830,20820,27350,3660,0,10000,10820,27350,3660,0,XB,7,61
甘肃省,23630,6640,15270,1720,0,9000,0,12910,1720,0,XB,7,62
青海省,3160,1320,1300,540,300,3000,0,0,0,300,XB,7,63
宁夏回族自治区,30920,14240,15410,1270,0,4000,10240,15410,1270,0,XB,7,64
新疆维吾尔自治区,69180,24640,36620,7920,0,11000,13640,36620,7920,0,XB,7,65
